transaction,latency,success
1,112,1
2,115,1
3,114,1
4,112,1
5,115,1
6,109,1
7,110,1
8,115,1
9,116,1
10,108,1
11,108,1
12,109,1
13,109,1
14,111,1
15,110,1
16,112,1
17,113,1
18,110,1
19,110,1
20,108,1
21,108,1
22,110,1
23,114,1
24,113,1
25,109,1
26,116,1
27,110,1
28,112,1
29,112,1
30,110,1
31,109,1
32,109,1
33,112,1
34,113,1
35,116,1
36,111,1
37,115,1
38,110,1
39,115,1
40,114,1
41,113,1
42,112,1
43,111,1
44,115,1
45,108,1
46,116,1
47,109,1
48,115,1
49,114,1
50,110,1
51,110,1
52,112,1
53,111,1
54,108,1
55,109,1
56,113,1
57,111,1
58,114,1
59,108,1
60,109,1
61,114,1
62,113,1
63,111,1
64,111,1
65,113,1
66,115,1
67,115,1
68,114,1
69,113,1
70,116,1
71,116,1
72,108,1
73,116,1
74,111,1
75,113,1
76,111,1
77,115,1
78,108,1
79,115,1
80,110,1
81,110,1
82,113,1
83,112,1
84,116,1
85,111,1
86,110,1
87,108,1
88,115,1
89,116,1
90,109,1
91,114,1
92,114,1
93,115,1
94,113,1
95,109,1
96,116,1
97,110,1
98,112,1
99,111,1
100,112,1
101,108,1
102,110,1
103,109,1
104,111,1
105,114,1
106,114,1
107,108,1
108,114,1
109,112,1
110,111,1
111,111,1
112,116,1
113,113,1
114,115,1
115,112,1
116,112,1
117,116,1
118,115,1
119,112,1
120,113,1
121,111,1
122,115,1
123,114,1
124,114,1
125,114,1
126,114,1
127,110,1
128,116,1
129,111,1
130,111,1
131,116,1
132,114,1
133,113,1
134,113,1
135,110,1
136,114,1
137,111,1
138,110,1
139,114,1
140,116,1
141,112,1
142,114,1
143,115,1
144,113,1
145,110,1
146,115,1
147,110,1
148,108,1
149,109,1
150,113,1
151,114,1
152,116,1
153,108,1
154,112,1
155,108,1
156,108,1
157,111,1
158,109,1
159,112,1
160,109,1
161,113,1
162,114,1
163,113,1
164,111,1
165,109,1
166,110,1
167,116,1
168,112,1
169,108,1
170,109,1
171,109,1
172,110,1
173,109,1
174,113,1
175,116,1
176,114,1
177,113,1
178,108,1
179,110,1
180,116,1
181,116,1
182,112,1
183,114,1
184,115,1
185,115,1
186,112,1
187,115,1
188,108,1
189,116,1
190,116,1
191,109,1
192,113,1
193,110,1
194,110,1
195,112,1
196,109,1
197,115,1
198,113,1
199,113,1
200,112,1
201,114,1
202,114,1
203,116,1
204,116,1
205,114,1
206,108,1
207,108,1
208,112,1
209,115,1
210,115,1
211,110,1
212,114,1
213,114,1
214,108,1
215,108,1
216,115,1
217,113,1
218,109,1
219,111,1
220,113,1
221,116,1
222,108,1
223,114,1
224,111,1
225,114,1
226,108,1
227,109,1
228,114,1
229,115,1
230,109,1
231,111,1
232,114,1
233,112,1
234,115,1
235,109,1
236,115,1
237,109,1
238,109,1
239,115,1
240,112,1
241,111,1
242,108,1
243,114,1
244,109,1
245,110,1
246,111,1
247,116,1
248,109,1
249,108,1
250,114,1
251,115,1
252,114,1
253,115,1
254,114,1
255,109,1
256,116,1
257,114,1
258,112,1
259,116,1
260,116,1
261,112,1
262,115,1
263,113,1
264,116,1
265,116,1
266,109,1
267,112,1
268,110,1
269,111,1
270,114,1
271,111,1
272,110,1
273,115,1
274,113,1
275,114,1
276,108,1
277,108,1
278,112,1
279,110,1
280,108,1
281,111,1
282,109,1
283,109,1
284,108,1
285,113,1
286,111,1
287,113,1
288,108,1
289,108,1
290,110,1
291,110,1
292,114,1
293,113,1
294,111,1
295,115,1
296,113,1
297,111,1
298,110,1
299,116,1
300,116,1
301,116,1
302,108,1
303,109,1
304,108,1
305,111,1
306,111,1
307,108,1
308,116,1
309,116,1
310,112,1
311,115,1
312,115,1
313,113,1
314,112,1
315,115,1
316,113,1
317,109,1
318,112,1
319,111,1
320,109,1
321,113,1
322,111,1
323,115,1
324,108,1
325,111,1
326,111,1
327,114,1
328,113,1
329,108,1
330,116,1
331,110,1
332,113,1
333,110,1
334,111,1
335,110,1
336,113,1
337,108,1
338,114,1
339,110,1
340,115,1
341,112,1
342,116,1
343,112,1
344,115,1
345,111,1
346,110,1
347,115,1
348,110,1
349,116,1
350,112,1
351,109,1
352,116,1
353,112,1
354,112,1
355,108,1
356,115,1
357,113,1
358,116,1
359,108,1
360,115,1
361,111,1
362,115,1
363,115,1
364,109,1
365,113,1
366,112,1
367,111,1
368,112,1
369,108,1
370,108,1
371,110,1
372,112,1
373,111,1
374,116,1
375,112,1
376,108,1
377,111,1
378,114,1
379,111,1
380,113,1
381,108,1
382,112,1
383,110,1
384,108,1
385,109,1
386,108,1
387,111,1
388,108,1
389,115,1
390,113,1
391,112,1
392,108,1
393,110,1
394,111,1
395,111,1
396,112,1
397,110,1
398,110,1
399,114,1
400,109,1
401,113,1
402,108,1
403,114,1
404,115,1
405,108,1
406,110,1
407,115,1
408,114,1
409,114,1
410,112,1
411,115,1
412,112,1
413,116,1
414,111,1
415,115,1
416,112,1
417,113,1
418,115,1
419,110,1
420,112,1
421,115,1
422,111,1
423,109,1
424,112,1
425,112,1
426,113,1
427,109,1
428,115,1
429,116,1
430,110,1
431,111,1
432,112,1
433,114,1
434,113,1
435,116,1
436,115,1
437,114,1
438,112,1
439,111,1
440,116,1
441,108,1
442,116,1
443,108,1
444,108,1
445,112,1
446,109,1
447,113,1
448,109,1
449,109,1
450,110,1
451,112,1
452,116,1
453,109,1
454,116,1
455,109,1
456,111,1
457,113,1
458,114,1
459,111,1
460,109,1
461,110,1
462,112,1
463,109,1
464,110,1
465,115,1
466,108,1
467,114,1
468,115,1
469,113,1
470,108,1
471,115,1
472,115,1
473,111,1
474,115,1
475,109,1
476,111,1
477,116,1
478,114,1
479,115,1
480,116,1
481,115,1
482,115,1
483,108,1
484,108,1
485,112,1
486,109,1
487,109,1
488,108,1
489,116,1
490,108,1
491,116,1
492,108,1
493,116,1
494,110,1
495,110,1
496,109,1
497,113,1
498,116,1
499,115,1
500,111,1
501,112,1
502,115,1
503,109,1
504,116,1
505,116,1
506,109,1
507,109,1
508,112,1
509,115,1
510,109,1
511,110,1
512,112,1
513,111,1
514,111,1
515,108,1
516,111,1
517,111,1
518,108,1
519,112,1
520,112,1
521,114,1
522,116,1
523,116,1
524,116,1
525,116,1
526,110,1
527,114,1
528,112,1
529,110,1
530,113,1
531,111,1
532,108,1
533,116,1
534,116,1
535,112,1
536,108,1
537,109,1
538,109,1
539,115,1
540,113,1
541,115,1
542,112,1
543,115,1
544,109,1
545,115,1
546,111,1
547,115,1
548,110,1
549,109,1
550,111,1
551,114,1
552,113,1
553,112,1
554,114,1
555,112,1
556,116,1
557,112,1
558,111,1
559,109,1
560,111,1
561,111,1
562,115,1
563,109,1
564,109,1
565,111,1
566,108,1
567,114,1
568,113,1
569,113,1
570,109,1
571,112,1
572,113,1
573,114,1
574,111,1
575,113,1
576,113,1
577,116,1
578,113,1
579,116,1
580,110,1
581,114,1
582,113,1
583,113,1
584,111,1
585,108,1
586,109,1
587,111,1
588,116,1
589,110,1
590,111,1
591,109,1
592,110,1
593,114,1
594,110,1
595,115,1
596,113,1
597,116,1
598,109,1
599,109,1
600,116,1
601,109,1
602,112,1
603,108,1
604,113,1
605,108,1
606,112,1
607,112,1
608,116,1
609,111,1
610,112,1
611,113,1
612,111,1
613,115,1
614,109,1
615,112,1
616,113,1
617,116,1
618,110,1
619,115,1
620,115,1
621,114,1
622,108,1
623,113,1
624,115,1
625,108,1
626,111,1
627,111,1
628,113,1
629,112,1
630,114,1
631,114,1
632,108,1
633,112,1
634,112,1
635,114,1
636,112,1
637,111,1
638,114,1
639,114,1
640,116,1
641,113,1
642,114,1
643,109,1
644,110,1
645,113,1
646,109,1
647,114,1
648,113,1
649,110,1
650,110,1
651,113,1
652,108,1
653,112,1
654,112,1
655,110,1
656,113,1
657,109,1
658,115,1
659,116,1
660,116,1
661,113,1
662,110,1
663,111,1
664,114,1
665,109,1
666,111,1
667,114,1
668,115,1
669,113,1
670,113,1
671,116,1
672,116,1
673,114,1
674,111,1
675,114,1
676,111,1
677,116,1
678,115,1
679,109,1
680,114,1
681,115,1
682,114,1
683,112,1
684,113,1
685,116,1
686,108,1
687,112,1
688,111,1
689,113,1
690,114,1
691,109,1
692,109,1
693,111,1
694,112,1
695,110,1
696,111,1
697,111,1
698,116,1
699,114,1
700,114,1
701,114,1
702,112,1
703,110,1
704,108,1
705,115,1
706,112,1
707,113,1
708,109,1
709,115,1
710,111,1
711,113,1
712,109,1
713,113,1
714,116,1
715,112,1
716,109,1
717,116,1
718,109,1
719,115,1
720,109,1
721,109,1
722,113,1
723,112,1
724,116,1
725,115,1
726,114,1
727,112,1
728,108,1
729,111,1
730,108,1
731,114,1
732,113,1
733,111,1
734,108,1
735,112,1
736,116,1
737,108,1
738,108,1
739,110,1
740,116,1
741,114,1
742,115,1
743,112,1
744,111,1
745,116,1
746,112,1
747,112,1
748,110,1
749,112,1
750,108,1
751,114,1
752,110,1
753,113,1
754,110,1
755,115,1
756,111,1
757,116,1
758,114,1
759,109,1
760,112,1
761,112,1
762,114,1
763,109,1
764,114,1
765,113,1
766,111,1
767,111,1
768,114,1
769,115,1
770,110,1
771,116,1
772,108,1
773,110,1
774,115,1
775,110,1
776,111,1
777,116,1
778,109,1
779,108,1
780,109,1
781,109,1
782,113,1
783,108,1
784,113,1
785,113,1
786,112,1
787,115,1
788,109,1
789,108,1
790,109,1
791,116,1
792,109,1
793,116,1
794,113,1
795,114,1
796,109,1
797,114,1
798,110,1
799,115,1
800,109,1
801,110,1
802,114,1
803,109,1
804,111,1
805,114,1
806,113,1
807,115,1
808,110,1
809,108,1
810,116,1
811,112,1
812,111,1
813,111,1
814,115,1
815,109,1
816,111,1
817,110,1
818,115,1
819,115,1
820,110,1
821,108,1
822,115,1
823,113,1
824,108,1
825,109,1
826,109,1
827,115,1
828,114,1
829,115,1
830,111,1
831,112,1
832,115,1
833,114,1
834,111,1
835,113,1
836,112,1
837,114,1
838,115,1
839,110,1
840,111,1
841,109,1
842,108,1
843,108,1
844,113,1
845,108,1
846,116,1
847,111,1
848,108,1
849,115,1
850,116,1
851,116,1
852,111,1
853,115,1
854,111,1
855,115,1
856,110,1
857,111,1
858,113,1
859,109,1
860,114,1
861,111,1
862,108,1
863,110,1
864,111,1
865,116,1
866,111,1
867,110,1
868,115,1
869,111,1
870,109,1
871,115,1
872,114,1
873,116,1
874,112,1
875,111,1
876,115,1
877,116,1
878,109,1
879,113,1
880,116,1
881,114,1
882,111,1
883,108,1
884,113,1
885,109,1
886,110,1
887,110,1
888,115,1
889,112,1
890,111,1
891,110,1
892,112,1
893,113,1
894,109,1
895,114,1
896,113,1
897,110,1
898,109,1
899,115,1
900,113,1
901,108,1
902,112,1
903,113,1
904,114,1
905,111,1
906,111,1
907,111,1
908,114,1
909,116,1
910,108,1
911,109,1
912,111,1
913,113,1
914,113,1
915,111,1
916,108,1
917,114,1
918,114,1
919,111,1
920,108,1
921,115,1
922,109,1
923,110,1
924,115,1
925,114,1
926,110,1
927,116,1
928,112,1
929,109,1
930,114,1
931,108,1
932,110,1
933,109,1
934,113,1
935,116,1
936,108,1
937,110,1
938,108,1
939,113,1
940,113,1
941,110,1
942,114,1
943,113,1
944,116,1
945,116,1
946,116,1
947,114,1
948,114,1
949,108,1
950,115,1
951,108,1
952,110,1
953,109,1
954,112,1
955,109,1
956,110,1
957,110,1
958,114,1
959,115,1
960,113,1
961,111,1
962,110,1
963,112,1
964,110,1
965,108,1
966,114,1
967,108,1
968,108,1
969,112,1
970,116,1
971,114,1
972,114,1
973,114,1
974,111,1
975,108,1
976,108,1
977,111,1
978,112,1
979,108,1
980,110,1
981,113,1
982,111,1
983,114,1
984,109,1
985,115,1
986,113,1
987,116,1
988,116,1
989,116,1
990,110,1
991,116,1
992,115,1
993,112,1
994,111,1
995,116,1
996,110,1
997,109,1
998,108,1
999,114,1
1000,112,1
1001,116,1
1002,111,1
1003,109,1
1004,113,1
1005,114,1
1006,114,1
1007,113,1
1008,116,1
1009,111,1
1010,116,1
1011,114,1
1012,113,1
1013,111,1
1014,114,1
1015,112,1
1016,116,1
1017,110,1
1018,116,1
1019,116,1
1020,108,1
1021,113,1
1022,113,1
1023,112,1
1024,109,1
1025,113,1
1026,110,1
1027,109,1
1028,108,1
1029,111,1
1030,112,1
1031,116,1
1032,115,1
1033,115,1
1034,110,1
1035,112,1
1036,109,1
1037,111,1
1038,116,1
1039,116,1
1040,116,1
1041,116,1
1042,112,1
1043,114,1
1044,116,1
1045,114,1
1046,114,1
1047,114,1
1048,115,1
1049,108,1
1050,115,1
1051,109,1
1052,108,1
1053,111,1
1054,112,1
1055,109,1
1056,115,1
1057,114,1
1058,112,1
1059,114,1
1060,109,1
1061,108,1
1062,115,1
1063,115,1
1064,114,1
1065,108,1
1066,110,1
1067,108,1
1068,114,1
1069,108,1
1070,112,1
1071,112,1
1072,114,1
1073,114,1
1074,113,1
1075,114,1
1076,108,1
1077,110,1
1078,112,1
1079,116,1
1080,110,1
1081,112,1
1082,114,1
1083,115,1
1084,109,1
1085,116,1
1086,115,1
1087,108,1
1088,109,1
1089,110,1
1090,114,1
1091,112,1
1092,113,1
1093,115,1
1094,115,1
1095,108,1
1096,115,1
1097,108,1
1098,113,1
1099,112,1
1100,109,1
1101,113,1
1102,110,1
1103,116,1
1104,113,1
1105,112,1
1106,113,1
1107,108,1
1108,111,1
1109,111,1
1110,115,1
1111,111,1
1112,111,1
1113,114,1
1114,110,1
1115,111,1
1116,116,1
1117,113,1
1118,109,1
1119,109,1
1120,109,1
1121,115,1
1122,112,1
1123,115,1
1124,112,1
1125,115,1
1126,115,1
1127,115,1
1128,110,1
1129,110,1
1130,111,1
1131,112,1
1132,112,1
1133,109,1
1134,112,1
1135,116,1
1136,112,1
1137,110,1
1138,112,1
1139,112,1
1140,116,1
1141,109,1
1142,115,1
1143,116,1
1144,109,1
1145,115,1
1146,114,1
1147,109,1
1148,116,1
1149,114,1
1150,114,1
1151,115,1
1152,108,1
1153,108,1
1154,115,1
1155,113,1
1156,112,1
1157,110,1
1158,111,1
1159,113,1
1160,115,1
1161,115,1
1162,108,1
1163,114,1
1164,116,1
1165,115,1
1166,116,1
1167,108,1
1168,114,1
1169,116,1
1170,112,1
1171,108,1
1172,110,1
1173,109,1
1174,111,1
1175,113,1
1176,112,1
1177,108,1
1178,109,1
1179,111,1
1180,111,1
1181,112,1
1182,116,1
1183,114,1
1184,112,1
1185,111,1
1186,108,1
1187,112,1
1188,109,1
1189,114,1
1190,111,1
1191,110,1
1192,116,1
1193,116,1
1194,113,1
1195,113,1
1196,115,1
1197,112,1
1198,114,1
1199,115,1
1200,116,1
1201,108,1
1202,109,1
1203,109,1
1204,114,1
1205,108,1
1206,114,1
1207,111,1
1208,114,1
1209,113,1
1210,111,1
1211,109,1
1212,112,1
1213,112,1
1214,110,1
1215,116,1
1216,108,1
1217,111,1
1218,115,1
1219,116,1
1220,110,1
1221,112,1
1222,111,1
1223,113,1
1224,116,1
1225,111,1
1226,115,1
1227,116,1
1228,116,1
1229,109,1
1230,116,1
1231,114,1
1232,115,1
1233,113,1
1234,109,1
1235,111,1
1236,111,1
1237,113,1
1238,114,1
1239,116,1
1240,114,1
1241,113,1
1242,111,1
1243,110,1
1244,109,1
1245,116,1
1246,114,1
1247,112,1
1248,115,1
1249,115,1
1250,112,1
1251,110,1
1252,110,1
1253,109,1
1254,108,1
1255,113,1
1256,116,1
1257,115,1
1258,108,1
1259,113,1
1260,109,1
1261,115,1
1262,110,1
1263,108,1
1264,116,1
1265,109,1
1266,111,1
1267,110,1
1268,108,1
1269,111,1
1270,113,1
1271,109,1
1272,115,1
1273,108,1
1274,113,1
1275,111,1
1276,114,1
1277,114,1
1278,115,1
1279,113,1
1280,111,1
1281,111,1
1282,110,1
1283,111,1
1284,113,1
1285,112,1
1286,110,1
1287,112,1
1288,109,1
1289,115,1
1290,115,1
1291,116,1
1292,116,1
1293,116,1
1294,110,1
1295,116,1
1296,115,1
1297,114,1
1298,110,1
1299,116,1
1300,113,1
1301,108,1
1302,115,1
1303,116,1
1304,115,1
1305,115,1
1306,112,1
1307,116,1
1308,114,1
1309,109,1
1310,112,1
1311,108,1
1312,111,1
1313,116,1
1314,111,1
1315,114,1
1316,110,1
1317,115,1
1318,110,1
1319,112,1
1320,111,1
1321,108,1
1322,108,1
1323,111,1
1324,114,1
1325,113,1
1326,113,1
1327,114,1
1328,108,1
1329,114,1
1330,112,1
1331,114,1
1332,111,1
1333,113,1
1334,110,1
1335,111,1
1336,115,1
1337,112,1
1338,115,1
1339,111,1
1340,115,1
1341,112,1
1342,116,1
1343,115,1
1344,112,1
1345,116,1
1346,116,1
1347,110,1
1348,113,1
1349,108,1
1350,110,1
1351,114,1
1352,111,1
1353,114,1
1354,115,1
1355,115,1
1356,113,1
1357,110,1
1358,109,1
1359,112,1
1360,114,1
1361,113,1
1362,113,1
1363,115,1
1364,110,1
1365,108,1
1366,110,1
1367,111,1
1368,112,1
1369,115,1
1370,116,1
1371,108,1
1372,111,1
1373,115,1
1374,113,1
1375,111,1
1376,113,1
1377,108,1
1378,112,1
1379,112,1
1380,112,1
1381,113,1
1382,115,1
1383,109,1
1384,111,1
1385,113,1
1386,115,1
1387,116,1
1388,109,1
1389,114,1
1390,108,1
1391,114,1
1392,116,1
1393,112,1
1394,113,1
1395,109,1
1396,116,1
1397,108,1
1398,113,1
1399,116,1
1400,112,1
1401,111,1
1402,110,1
1403,115,1
1404,112,1
1405,116,1
1406,115,1
1407,108,1
1408,113,1
1409,113,1
1410,115,1
1411,115,1
1412,113,1
1413,114,1
1414,113,1
1415,111,1
1416,110,1
1417,111,1
1418,115,1
1419,116,1
1420,108,1
1421,108,1
1422,111,1
1423,108,1
1424,108,1
1425,109,1
1426,111,1
1427,110,1
1428,110,1
1429,111,1
1430,109,1
1431,116,1
1432,113,1
1433,110,1
1434,110,1
1435,113,1
1436,113,1
1437,111,1
1438,113,1
1439,108,1
1440,115,1
1441,113,1
1442,111,1
1443,114,1
1444,116,1
1445,114,1
1446,110,1
1447,112,1
1448,113,1
1449,113,1
1450,113,1
1451,113,1
1452,111,1
1453,109,1
1454,116,1
1455,116,1
1456,115,1
1457,115,1
1458,112,1
1459,112,1
1460,114,1
1461,111,1
1462,115,1
1463,115,1
1464,111,1
1465,115,1
1466,109,1
1467,112,1
1468,111,1
1469,112,1
1470,111,1
1471,110,1
1472,109,1
1473,116,1
1474,108,1
1475,115,1
1476,116,1
1477,115,1
1478,108,1
1479,109,1
1480,108,1
1481,114,1
1482,111,1
1483,116,1
1484,114,1
1485,108,1
1486,108,1
1487,109,1
1488,113,1
1489,108,1
1490,112,1
1491,108,1
1492,109,1
1493,115,1
1494,111,1
1495,116,1
1496,110,1
1497,110,1
1498,110,1
1499,116,1
1500,112,1
1501,114,1
1502,109,1
1503,113,1
1504,112,1
1505,108,1
1506,113,1
1507,110,1
1508,110,1
1509,112,1
1510,116,1
1511,111,1
1512,115,1
1513,111,1
1514,116,1
1515,116,1
1516,108,1
1517,113,1
1518,114,1
1519,111,1
1520,116,1
1521,108,1
1522,115,1
1523,109,1
1524,113,1
1525,108,1
1526,114,1
1527,114,1
1528,109,1
1529,113,1
1530,111,1
1531,112,1
1532,114,1
1533,113,1
1534,110,1
1535,110,1
1536,116,1
1537,108,1
1538,108,1
1539,109,1
1540,111,1
1541,116,1
1542,114,1
1543,108,1
1544,115,1
1545,113,1
1546,110,1
1547,116,1
1548,115,1
1549,116,1
1550,116,1
1551,115,1
1552,114,1
1553,108,1
1554,111,1
1555,115,1
1556,115,1
1557,116,1
1558,112,1
1559,114,1
1560,109,1
1561,111,1
1562,116,1
1563,111,1
1564,111,1
1565,111,1
1566,110,1
1567,113,1
1568,110,1
1569,115,1
1570,116,1
1571,109,1
1572,109,1
1573,110,1
1574,109,1
1575,115,1
1576,116,1
1577,115,1
1578,116,1
1579,110,1
1580,112,1
1581,108,1
1582,113,1
1583,109,1
1584,111,1
1585,115,1
1586,115,1
1587,116,1
1588,108,1
1589,113,1
1590,111,1
1591,110,1
1592,113,1
1593,115,1
1594,115,1
1595,112,1
1596,116,1
1597,111,1
1598,109,1
1599,115,1
1600,111,1
1601,116,1
1602,109,1
1603,114,1
1604,114,1
1605,111,1
1606,115,1
1607,115,1
1608,112,1
1609,109,1
1610,116,1
1611,112,1
1612,115,1
1613,116,1
1614,109,1
1615,108,1
1616,116,1
1617,114,1
1618,112,1
1619,113,1
1620,116,1
1621,111,1
1622,114,1
1623,114,1
1624,112,1
1625,108,1
1626,115,1
1627,113,1
1628,111,1
1629,114,1
1630,109,1
1631,108,1
1632,109,1
1633,108,1
1634,114,1
1635,116,1
1636,109,1
1637,109,1
1638,116,1
1639,112,1
1640,116,1
1641,108,1
1642,109,1
1643,110,1
1644,113,1
1645,108,1
1646,108,1
1647,108,1
1648,113,1
1649,109,1
1650,111,1
1651,111,1
1652,116,1
1653,111,1
1654,112,1
1655,113,1
1656,112,1
1657,112,1
1658,114,1
1659,116,1
1660,111,1
1661,112,1
1662,114,1
1663,111,1
1664,111,1
1665,112,1
1666,109,1
1667,113,1
1668,112,1
1669,116,1
1670,113,1
1671,108,1
1672,111,1
1673,109,1
1674,113,1
1675,111,1
1676,109,1
1677,113,1
1678,109,1
1679,109,1
1680,115,1
1681,113,1
1682,114,1
1683,113,1
1684,116,1
1685,108,1
1686,115,1
1687,110,1
1688,114,1
1689,109,1
1690,116,1
1691,108,1
1692,113,1
1693,114,1
1694,115,1
1695,112,1
1696,114,1
1697,115,1
1698,109,1
1699,114,1
1700,116,1
1701,108,1
1702,109,1
1703,115,1
1704,113,1
1705,111,1
1706,109,1
1707,115,1
1708,110,1
1709,110,1
1710,109,1
1711,114,1
1712,112,1
1713,111,1
1714,108,1
1715,111,1
1716,116,1
1717,112,1
1718,112,1
1719,114,1
1720,108,1
1721,114,1
1722,108,1
1723,113,1
1724,112,1
1725,116,1
1726,113,1
1727,112,1
1728,113,1
1729,116,1
1730,112,1
1731,115,1
1732,108,1
1733,109,1
1734,115,1
1735,110,1
1736,109,1
1737,108,1
1738,108,1
1739,115,1
1740,114,1
1741,111,1
1742,114,1
1743,114,1
1744,112,1
1745,114,1
1746,108,1
1747,113,1
1748,116,1
1749,115,1
1750,112,1
1751,116,1
1752,109,1
1753,114,1
1754,109,1
1755,113,1
1756,111,1
1757,115,1
1758,114,1
1759,114,1
1760,112,1
1761,109,1
1762,110,1
1763,113,1
1764,114,1
1765,111,1
1766,113,1
1767,114,1
1768,108,1
1769,115,1
1770,111,1
1771,110,1
1772,110,1
1773,115,1
1774,109,1
1775,112,1
1776,108,1
1777,112,1
1778,114,1
1779,116,1
1780,109,1
1781,111,1
1782,115,1
1783,113,1
1784,111,1
1785,116,1
1786,113,1
1787,110,1
1788,109,1
1789,114,1
1790,115,1
1791,116,1
1792,114,1
1793,110,1
1794,116,1
1795,109,1
1796,113,1
1797,112,1
1798,110,1
1799,112,1
1800,110,1
1801,116,1
1802,108,1
1803,115,1
1804,116,1
1805,115,1
1806,110,1
1807,116,1
1808,111,1
1809,111,1
1810,113,1
1811,110,1
1812,110,1
1813,116,1
1814,108,1
1815,109,1
1816,113,1
1817,108,1
1818,112,1
1819,110,1
1820,110,1
1821,113,1
1822,109,1
1823,116,1
1824,116,1
1825,110,1
1826,116,1
1827,110,1
1828,112,1
1829,114,1
1830,113,1
1831,110,1
1832,108,1
1833,112,1
1834,110,1
1835,108,1
1836,115,1
1837,111,1
1838,114,1
1839,111,1
1840,109,1
1841,114,1
1842,115,1
1843,110,1
1844,112,1
1845,110,1
1846,110,1
1847,114,1
1848,112,1
1849,112,1
1850,112,1
1851,115,1
1852,109,1
1853,111,1
1854,113,1
1855,114,1
1856,108,1
1857,108,1
1858,114,1
1859,109,1
1860,110,1
1861,112,1
1862,110,1
1863,112,1
1864,110,1
1865,111,1
1866,108,1
1867,112,1
1868,112,1
1869,111,1
1870,116,1
1871,114,1
1872,111,1
1873,112,1
1874,113,1
1875,108,1
1876,112,1
1877,115,1
1878,116,1
1879,116,1
1880,116,1
1881,113,1
1882,115,1
1883,114,1
1884,108,1
1885,111,1
1886,109,1
1887,109,1
1888,114,1
1889,116,1
1890,114,1
1891,113,1
1892,115,1
1893,112,1
1894,116,1
1895,114,1
1896,110,1
1897,114,1
1898,109,1
1899,109,1
1900,109,1
1901,114,1
1902,113,1
1903,114,1
1904,112,1
1905,115,1
1906,110,1
1907,113,1
1908,115,1
1909,113,1
1910,115,1
1911,108,1
1912,108,1
1913,114,1
1914,116,1
1915,116,1
1916,110,1
1917,112,1
1918,114,1
1919,114,1
1920,114,1
1921,112,1
1922,116,1
1923,115,1
1924,112,1
1925,110,1
1926,111,1
1927,112,1
1928,109,1
1929,116,1
1930,113,1
1931,113,1
1932,109,1
1933,113,1
1934,111,1
1935,113,1
1936,114,1
1937,108,1
1938,114,1
1939,116,1
1940,113,1
1941,113,1
1942,114,1
1943,114,1
1944,110,1
1945,114,1
1946,110,1
1947,114,1
1948,109,1
1949,116,1
1950,115,1
1951,110,1
1952,113,1
1953,111,1
1954,109,1
1955,111,1
1956,108,1
1957,114,1
1958,112,1
1959,110,1
1960,108,1
1961,113,1
1962,116,1
1963,116,1
1964,111,1
1965,116,1
1966,108,1
1967,116,1
1968,114,1
1969,109,1
1970,112,1
1971,115,1
1972,116,1
1973,112,1
1974,109,1
1975,110,1
1976,115,1
1977,112,1
1978,113,1
1979,108,1
1980,110,1
1981,113,1
1982,115,1
1983,115,1
1984,114,1
1985,110,1
1986,113,1
1987,115,1
1988,109,1
1989,114,1
1990,115,1
1991,112,1
1992,114,1
1993,108,1
1994,109,1
1995,112,1
1996,108,1
1997,112,1
1998,114,1
1999,109,1
2000,110,1
2001,111,1
2002,114,1
2003,112,1
2004,110,1
2005,111,1
2006,113,1
2007,116,1
2008,116,1
2009,112,1
2010,108,1
2011,111,1
2012,110,1
2013,114,1
2014,116,1
2015,111,1
2016,111,1
2017,111,1
2018,110,1
2019,110,1
2020,109,1
2021,114,1
2022,116,1
2023,115,1
2024,111,1
2025,109,1
2026,111,1
2027,111,1
2028,111,1
2029,113,1
2030,114,1
2031,115,1
2032,115,1
2033,116,1
2034,111,1
2035,115,1
2036,111,1
2037,116,1
2038,115,1
2039,112,1
2040,114,1
2041,109,1
2042,112,1
2043,110,1
2044,113,1
2045,108,1
2046,110,1
2047,114,1
2048,112,1
2049,108,1
2050,109,1
2051,111,1
2052,113,1
2053,111,1
2054,110,1
2055,114,1
2056,110,1
2057,114,1
2058,114,1
2059,110,1
2060,113,1
2061,109,1
2062,116,1
2063,109,1
2064,116,1
2065,115,1
2066,115,1
2067,110,1
2068,115,1
2069,115,1
2070,109,1
2071,111,1
2072,111,1
2073,113,1
2074,115,1
2075,114,1
2076,112,1
2077,113,1
2078,116,1
2079,110,1
2080,112,1
2081,110,1
2082,115,1
2083,116,1
2084,114,1
2085,111,1
2086,109,1
2087,115,1
2088,112,1
2089,114,1
2090,111,1
2091,109,1
2092,116,1
2093,116,1
2094,109,1
2095,116,1
2096,112,1
2097,112,1
2098,114,1
2099,109,1
2100,114,1
2101,108,1
2102,108,1
2103,110,1
2104,109,1
2105,110,1
2106,110,1
2107,110,1
2108,111,1
2109,112,1
2110,110,1
2111,111,1
2112,112,1
2113,112,1
2114,108,1
2115,108,1
2116,109,1
2117,113,1
2118,108,1
2119,108,1
2120,110,1
2121,111,1
2122,116,1
2123,110,1
2124,111,1
2125,115,1
2126,108,1
2127,115,1
2128,116,1
2129,116,1
2130,116,1
2131,108,1
2132,115,1
2133,112,1
2134,111,1
2135,113,1
2136,109,1
2137,110,1
2138,110,1
2139,116,1
2140,113,1
2141,108,1
2142,114,1
2143,115,1
2144,110,1
2145,108,1
2146,113,1
2147,115,1
2148,109,1
2149,109,1
2150,112,1
2151,114,1
2152,113,1
2153,111,1
2154,115,1
2155,114,1
2156,109,1
2157,116,1
2158,113,1
2159,113,1
2160,109,1
2161,116,1
2162,114,1
2163,115,1
2164,110,1
2165,111,1
2166,110,1
2167,112,1
2168,109,1
2169,115,1
2170,111,1
2171,113,1
2172,113,1
2173,116,1
2174,108,1
2175,108,1
2176,113,1
2177,112,1
2178,112,1
2179,115,1
2180,109,1
2181,114,1
2182,110,1
2183,116,1
2184,115,1
2185,112,1
2186,116,1
2187,115,1
2188,114,1
2189,112,1
2190,111,1
2191,109,1
2192,114,1
2193,113,1
2194,108,1
2195,110,1
2196,113,1
2197,112,1
2198,112,1
2199,109,1
2200,114,1
2201,116,1
2202,115,1
2203,111,1
2204,112,1
2205,112,1
2206,113,1
2207,110,1
2208,112,1
2209,111,1
2210,113,1
2211,108,1
2212,113,1
2213,110,1
2214,108,1
2215,109,1
2216,115,1
2217,112,1
2218,111,1
2219,115,1
2220,112,1
2221,111,1
2222,115,1
2223,109,1
2224,108,1
2225,116,1
2226,114,1
2227,113,1
2228,111,1
2229,108,1
2230,109,1
2231,110,1
2232,115,1
2233,113,1
2234,113,1
2235,115,1
2236,116,1
2237,112,1
2238,116,1
2239,115,1
2240,108,1
2241,114,1
2242,112,1
2243,109,1
2244,111,1
2245,108,1
2246,115,1
2247,108,1
2248,115,1
2249,116,1
2250,114,1
2251,112,1
2252,114,1
2253,116,1
2254,109,1
2255,115,1
2256,116,1
2257,116,1
2258,109,1
2259,115,1
2260,116,1
2261,109,1
2262,115,1
2263,112,1
2264,116,1
2265,115,1
2266,116,1
2267,115,1
2268,112,1
2269,115,1
2270,115,1
2271,111,1
2272,112,1
2273,110,1
2274,115,1
2275,113,1
2276,111,1
2277,109,1
2278,108,1
2279,116,1
2280,111,1
2281,108,1
2282,115,1
2283,110,1
2284,109,1
2285,113,1
2286,113,1
2287,108,1
2288,111,1
2289,111,1
2290,108,1
2291,111,1
2292,114,1
2293,114,1
2294,110,1
2295,115,1
2296,108,1
2297,112,1
2298,116,1
2299,116,1
2300,111,1
2301,112,1
2302,110,1
2303,115,1
2304,115,1
2305,112,1
2306,116,1
2307,108,1
2308,112,1
2309,112,1
2310,113,1
2311,114,1
2312,112,1
2313,114,1
2314,116,1
2315,112,1
2316,112,1
2317,114,1
2318,109,1
2319,110,1
2320,110,1
2321,108,1
2322,116,1
2323,111,1
2324,115,1
2325,115,1
2326,113,1
2327,111,1
2328,112,1
2329,115,1
2330,109,1
2331,108,1
2332,108,1
2333,112,1
2334,114,1
2335,114,1
2336,112,1
2337,113,1
2338,109,1
2339,109,1
2340,115,1
2341,109,1
2342,111,1
2343,108,1
2344,110,1
2345,108,1
2346,113,1
2347,108,1
2348,115,1
2349,111,1
2350,114,1
2351,113,1
2352,108,1
2353,116,1
2354,116,1
2355,109,1
2356,114,1
2357,114,1
2358,114,1
2359,114,1
2360,111,1
2361,110,1
2362,116,1
2363,116,1
2364,111,1
2365,116,1
2366,112,1
2367,111,1
2368,111,1
2369,112,1
2370,111,1
2371,113,1
2372,109,1
2373,109,1
2374,115,1
2375,115,1
2376,115,1
2377,111,1
2378,111,1
2379,112,1
2380,111,1
2381,112,1
2382,116,1
2383,111,1
2384,114,1
2385,116,1
2386,113,1
2387,114,1
2388,108,1
2389,110,1
2390,116,1
2391,112,1
2392,113,1
2393,116,1
2394,108,1
2395,109,1
2396,115,1
2397,110,1
2398,110,1
2399,116,1
2400,112,1
2401,111,1
2402,115,1
2403,108,1
2404,108,1
2405,116,1
2406,112,1
2407,110,1
2408,115,1
2409,108,1
2410,113,1
2411,108,1
2412,116,1
2413,116,1
2414,112,1
2415,115,1
2416,113,1
2417,110,1
2418,112,1
2419,114,1
2420,116,1
2421,115,1
2422,112,1
2423,108,1
2424,115,1
2425,114,1
2426,111,1
2427,111,1
2428,109,1
2429,115,1
2430,114,1
2431,116,1
2432,108,1
2433,109,1
2434,115,1
2435,111,1
2436,114,1
2437,112,1
2438,113,1
2439,108,1
2440,115,1
2441,113,1
2442,108,1
2443,108,1
2444,109,1
2445,112,1
2446,110,1
2447,111,1
2448,115,1
2449,108,1
2450,113,1
2451,108,1
2452,114,1
2453,112,1
2454,113,1
2455,109,1
2456,116,1
2457,114,1
2458,113,1
2459,115,1
2460,114,1
2461,115,1
2462,110,1
2463,116,1
2464,115,1
2465,110,1
2466,116,1
2467,113,1
2468,112,1
2469,108,1
2470,109,1
2471,109,1
2472,113,1
2473,110,1
2474,109,1
2475,116,1
2476,111,1
2477,114,1
2478,114,1
2479,114,1
2480,109,1
2481,109,1
2482,113,1
2483,108,1
2484,112,1
2485,108,1
2486,114,1
2487,109,1
2488,112,1
2489,112,1
2490,116,1
2491,114,1
2492,110,1
2493,116,1
2494,115,1
2495,112,1
2496,115,1
2497,109,1
2498,108,1
2499,111,1
2500,112,1
2501,109,1
2502,115,1
2503,114,1
2504,115,1
2505,114,1
2506,116,1
2507,108,1
2508,113,1
2509,111,1
2510,116,1
2511,109,1
2512,113,1
2513,114,1
2514,114,1
2515,115,1
2516,112,1
2517,116,1
2518,111,1
2519,114,1
2520,112,1
2521,110,1
2522,114,1
2523,112,1
2524,112,1
2525,115,1
2526,112,1
2527,116,1
2528,111,1
2529,112,1
2530,112,1
2531,114,1
2532,108,1
2533,111,1
2534,108,1
2535,109,1
2536,111,1
2537,116,1
2538,116,1
2539,109,1
2540,110,1
2541,112,1
2542,108,1
2543,112,1
2544,116,1
2545,116,1
2546,111,1
2547,109,1
2548,115,1
2549,114,1
2550,111,1
2551,110,1
2552,108,1
2553,108,1
2554,108,1
2555,109,1
2556,116,1
2557,112,1
2558,110,1
2559,115,1
2560,116,1
2561,110,1
2562,116,1
2563,108,1
2564,112,1
2565,114,1
2566,114,1
2567,110,1
2568,110,1
2569,114,1
2570,113,1
2571,116,1
2572,112,1
2573,114,1
2574,113,1
2575,110,1
2576,114,1
2577,108,1
2578,114,1
2579,112,1
2580,108,1
2581,111,1
2582,113,1
2583,112,1
2584,109,1
2585,112,1
2586,109,1
2587,112,1
2588,109,1
2589,111,1
2590,108,1
2591,114,1
2592,111,1
2593,109,1
2594,115,1
2595,109,1
2596,112,1
2597,108,1
2598,114,1
2599,116,1
2600,116,1
2601,112,1
2602,111,1
2603,111,1
2604,112,1
2605,113,1
2606,111,1
2607,114,1
2608,113,1
2609,113,1
2610,115,1
2611,109,1
2612,111,1
2613,115,1
2614,112,1
2615,114,1
2616,114,1
2617,113,1
2618,108,1
2619,116,1
2620,115,1
2621,116,1
2622,115,1
2623,108,1
2624,110,1
2625,115,1
2626,113,1
2627,116,1
2628,111,1
2629,111,1
2630,110,1
2631,113,1
2632,112,1
2633,108,1
2634,116,1
2635,109,1
2636,111,1
2637,109,1
2638,108,1
2639,114,1
2640,108,1
2641,110,1
2642,114,1
2643,113,1
2644,116,1
2645,109,1
2646,115,1
2647,114,1
2648,112,1
2649,113,1
2650,110,1
2651,116,1
2652,115,1
2653,108,1
2654,115,1
2655,112,1
2656,110,1
2657,113,1
2658,111,1
2659,116,1
2660,111,1
2661,113,1
2662,114,1
2663,112,1
2664,111,1
2665,113,1
2666,114,1
2667,114,1
2668,111,1
2669,108,1
2670,116,1
2671,112,1
2672,116,1
2673,116,1
2674,112,1
2675,111,1
2676,115,1
2677,110,1
2678,108,1
2679,115,1
2680,110,1
2681,112,1
2682,112,1
2683,110,1
2684,110,1
2685,108,1
2686,110,1
2687,114,1
2688,110,1
2689,116,1
2690,112,1
2691,111,1
2692,113,1
2693,116,1
2694,112,1
2695,114,1
2696,109,1
2697,111,1
2698,110,1
2699,109,1
2700,113,1
2701,110,1
2702,111,1
2703,109,1
2704,113,1
2705,113,1
2706,116,1
2707,108,1
2708,113,1
2709,111,1
2710,114,1
2711,114,1
2712,109,1
2713,108,1
2714,114,1
2715,115,1
2716,112,1
2717,111,1
2718,111,1
2719,115,1
2720,112,1
2721,108,1
2722,114,1
2723,114,1
2724,108,1
2725,115,1
2726,110,1
2727,116,1
2728,116,1
2729,114,1
2730,112,1
2731,108,1
2732,110,1
2733,112,1
2734,116,1
2735,113,1
2736,115,1
2737,116,1
2738,115,1
2739,116,1
2740,110,1
2741,111,1
2742,113,1
2743,114,1
2744,108,1
2745,112,1
2746,116,1
2747,109,1
2748,110,1
2749,109,1
2750,115,1
2751,114,1
2752,115,1
2753,109,1
2754,113,1
2755,110,1
2756,114,1
2757,114,1
2758,113,1
2759,115,1
2760,110,1
2761,115,1
2762,114,1
2763,109,1
2764,111,1
2765,110,1
2766,112,1
2767,115,1
2768,110,1
2769,114,1
2770,115,1
2771,111,1
2772,108,1
2773,113,1
2774,116,1
2775,114,1
2776,111,1
2777,116,1
2778,116,1
2779,108,1
2780,109,1
2781,114,1
2782,113,1
2783,111,1
2784,113,1
2785,108,1
2786,110,1
2787,114,1
2788,108,1
2789,115,1
2790,115,1
2791,115,1
2792,113,1
2793,113,1
2794,109,1
2795,114,1
2796,115,1
2797,108,1
2798,116,1
2799,111,1
2800,116,1
2801,108,1
2802,114,1
2803,111,1
2804,111,1
2805,108,1
2806,116,1
2807,114,1
2808,115,1
2809,111,1
2810,113,1
2811,111,1
2812,113,1
2813,115,1
2814,113,1
2815,108,1
2816,116,1
2817,113,1
2818,114,1
2819,116,1
2820,112,1
2821,112,1
2822,112,1
2823,108,1
2824,113,1
2825,108,1
2826,112,1
2827,113,1
2828,112,1
2829,114,1
2830,112,1
2831,114,1
2832,112,1
2833,108,1
2834,115,1
2835,112,1
2836,116,1
2837,112,1
2838,113,1
2839,115,1
2840,108,1
2841,113,1
2842,111,1
2843,113,1
2844,113,1
2845,112,1
2846,109,1
2847,111,1
2848,111,1
2849,110,1
2850,110,1
2851,111,1
2852,110,1
2853,113,1
2854,110,1
2855,109,1
2856,108,1
2857,113,1
2858,111,1
2859,114,1
2860,112,1
2861,116,1
2862,112,1
2863,114,1
2864,115,1
2865,113,1
2866,108,1
2867,113,1
2868,110,1
2869,114,1
2870,113,1
2871,111,1
2872,113,1
2873,115,1
2874,113,1
2875,115,1
2876,108,1
2877,111,1
2878,116,1
2879,116,1
2880,111,1
2881,109,1
2882,114,1
2883,115,1
2884,112,1
2885,114,1
2886,115,1
2887,108,1
2888,112,1
2889,113,1
2890,115,1
2891,114,1
2892,116,1
2893,113,1
2894,109,1
2895,112,1
2896,113,1
2897,115,1
2898,110,1
2899,114,1
2900,111,1
2901,114,1
2902,114,1
2903,116,1
2904,110,1
2905,110,1
2906,110,1
2907,108,1
2908,110,1
2909,114,1
2910,111,1
2911,112,1
2912,113,1
2913,111,1
2914,116,1
2915,113,1
2916,109,1
2917,111,1
2918,113,1
2919,112,1
2920,113,1
2921,111,1
2922,108,1
2923,112,1
2924,115,1
2925,113,1
2926,109,1
2927,113,1
2928,115,1
2929,116,1
2930,109,1
2931,111,1
2932,115,1
2933,116,1
2934,114,1
2935,116,1
2936,110,1
2937,109,1
2938,114,1
2939,114,1
2940,113,1
2941,115,1
2942,111,1
2943,114,1
2944,116,1
2945,115,1
2946,114,1
2947,114,1
2948,111,1
2949,108,1
2950,114,1
2951,116,1
2952,113,1
2953,113,1
2954,111,1
2955,116,1
2956,111,1
2957,115,1
2958,112,1
2959,111,1
2960,108,1
2961,116,1
2962,108,1
2963,113,1
2964,109,1
2965,115,1
2966,108,1
2967,108,1
2968,111,1
2969,115,1
2970,112,1
2971,109,1
2972,116,1
2973,111,1
2974,108,1
2975,108,1
2976,114,1
2977,115,1
2978,112,1
2979,114,1
2980,115,1
2981,112,1
2982,108,1
2983,110,1
2984,114,1
2985,113,1
2986,115,1
2987,111,1
2988,112,1
2989,115,1
2990,113,1
2991,113,1
2992,110,1
2993,113,1
2994,112,1
2995,114,1
2996,114,1
2997,109,1
2998,112,1
2999,116,1
3000,115,1
3001,115,1
3002,112,1
3003,113,1
3004,110,1
3005,115,1
3006,110,1
3007,115,1
3008,108,1
3009,115,1
3010,113,1
3011,111,1
3012,109,1
3013,115,1
3014,111,1
3015,110,1
3016,113,1
3017,108,1
3018,113,1
3019,111,1
3020,112,1
3021,108,1
3022,113,1
3023,112,1
3024,116,1
3025,111,1
3026,115,1
3027,112,1
3028,114,1
3029,115,1
3030,110,1
3031,108,1
3032,109,1
3033,113,1
3034,112,1
3035,116,1
3036,114,1
3037,112,1
3038,111,1
3039,111,1
3040,112,1
3041,109,1
3042,112,1
3043,110,1
3044,114,1
3045,116,1
3046,112,1
3047,109,1
3048,113,1
3049,109,1
3050,114,1
3051,109,1
3052,112,1
3053,109,1
3054,108,1
3055,115,1
3056,108,1
3057,109,1
3058,115,1
3059,115,1
3060,115,1
3061,113,1
3062,112,1
3063,111,1
3064,116,1
3065,111,1
3066,113,1
3067,108,1
3068,115,1
3069,109,1
3070,108,1
3071,109,1
3072,110,1
3073,111,1
3074,110,1
3075,110,1
3076,112,1
3077,111,1
3078,112,1
3079,108,1
3080,109,1
3081,114,1
3082,109,1
3083,110,1
3084,114,1
3085,111,1
3086,108,1
3087,109,1
3088,114,1
3089,116,1
3090,115,1
3091,111,1
3092,108,1
3093,108,1
3094,110,1
3095,108,1
3096,115,1
3097,114,1
3098,112,1
3099,115,1
3100,110,1
3101,108,1
3102,111,1
3103,114,1
3104,113,1
3105,115,1
3106,114,1
3107,108,1
3108,115,1
3109,109,1
3110,108,1
3111,115,1
3112,112,1
3113,116,1
3114,108,1
3115,109,1
3116,114,1
3117,112,1
3118,113,1
3119,110,1
3120,110,1
3121,115,1
3122,116,1
3123,116,1
3124,113,1
3125,115,1
3126,108,1
3127,113,1
3128,114,1
3129,111,1
3130,110,1
3131,111,1
3132,110,1
3133,111,1
3134,115,1
3135,114,1
3136,108,1
3137,116,1
3138,113,1
3139,109,1
3140,111,1
3141,109,1
3142,111,1
3143,116,1
3144,116,1
3145,115,1
3146,116,1
3147,116,1
3148,110,1
3149,111,1
3150,110,1
3151,113,1
3152,113,1
3153,110,1
3154,111,1
3155,114,1
3156,108,1
3157,110,1
3158,109,1
3159,109,1
3160,110,1
3161,115,1
3162,109,1
3163,116,1
3164,112,1
3165,116,1
3166,111,1
3167,111,1
3168,108,1
3169,109,1
3170,116,1
3171,108,1
3172,111,1
3173,113,1
3174,110,1
3175,113,1
3176,110,1
3177,112,1
3178,110,1
3179,112,1
3180,116,1
3181,112,1
3182,112,1
3183,116,1
3184,113,1
3185,115,1
3186,116,1
3187,108,1
3188,115,1
3189,115,1
3190,112,1
3191,113,1
3192,116,1
3193,113,1
3194,114,1
3195,111,1
3196,114,1
3197,115,1
3198,111,1
3199,115,1
3200,112,1
3201,115,1
3202,112,1
3203,108,1
3204,109,1
3205,115,1
3206,116,1
3207,113,1
3208,112,1
3209,113,1
3210,114,1
3211,114,1
3212,112,1
3213,115,1
3214,111,1
3215,112,1
3216,115,1
3217,116,1
3218,108,1
3219,116,1
3220,114,1
3221,115,1
3222,109,1
3223,116,1
3224,108,1
3225,111,1
3226,109,1
3227,116,1
3228,108,1
3229,110,1
3230,109,1
3231,112,1
3232,113,1
3233,108,1
3234,113,1
3235,116,1
3236,111,1
3237,114,1
3238,109,1
3239,116,1
3240,115,1
3241,114,1
3242,112,1
3243,109,1
3244,113,1
3245,116,1
3246,112,1
3247,110,1
3248,114,1
3249,116,1
3250,113,1
3251,113,1
3252,114,1
3253,109,1
3254,112,1
3255,113,1
3256,116,1
3257,109,1
3258,112,1
3259,110,1
3260,109,1
3261,115,1
3262,110,1
3263,115,1
3264,109,1
3265,109,1
3266,115,1
3267,116,1
3268,111,1
3269,109,1
3270,110,1
3271,109,1
3272,113,1
3273,111,1
3274,114,1
3275,115,1
3276,111,1
3277,116,1
3278,108,1
3279,112,1
3280,116,1
3281,114,1
3282,108,1
3283,108,1
3284,112,1
3285,110,1
3286,112,1
3287,113,1
3288,113,1
3289,112,1
3290,109,1
3291,112,1
3292,111,1
3293,116,1
3294,113,1
3295,108,1
3296,114,1
3297,112,1
3298,109,1
3299,110,1
3300,108,1
3301,110,1
3302,111,1
3303,113,1
3304,112,1
3305,114,1
3306,114,1
3307,109,1
3308,109,1
3309,114,1
3310,112,1
3311,110,1
3312,116,1
3313,112,1
3314,110,1
3315,111,1
3316,111,1
3317,114,1
3318,114,1
3319,116,1
3320,116,1
3321,110,1
3322,109,1
3323,115,1
3324,113,1
3325,109,1
3326,109,1
3327,110,1
3328,109,1
3329,110,1
3330,111,1
3331,112,1
3332,112,1
3333,114,1
3334,108,1
3335,113,1
3336,113,1
3337,116,1
3338,114,1
3339,109,1
3340,109,1
3341,115,1
3342,109,1
3343,109,1
3344,111,1
3345,110,1
3346,115,1
3347,113,1
3348,115,1
3349,109,1
3350,115,1
3351,111,1
3352,114,1
3353,111,1
3354,114,1
3355,113,1
3356,113,1
3357,111,1
3358,111,1
3359,112,1
3360,113,1
3361,115,1
3362,115,1
3363,115,1
3364,115,1
3365,108,1
3366,115,1
3367,115,1
3368,111,1
3369,114,1
3370,113,1
3371,113,1
3372,112,1
3373,114,1
3374,115,1
3375,110,1
3376,113,1
3377,111,1
3378,110,1
3379,116,1
3380,116,1
3381,112,1
3382,109,1
3383,116,1
3384,110,1
3385,109,1
3386,112,1
3387,113,1
3388,114,1
3389,116,1
3390,114,1
3391,115,1
3392,115,1
3393,110,1
3394,112,1
3395,114,1
3396,114,1
3397,112,1
3398,114,1
3399,110,1
3400,114,1
3401,115,1
3402,110,1
3403,113,1
3404,114,1
3405,113,1
3406,112,1
3407,110,1
3408,109,1
3409,114,1
3410,109,1
3411,108,1
3412,110,1
3413,112,1
3414,115,1
3415,112,1
3416,115,1
3417,114,1
3418,111,1
3419,115,1
3420,108,1
3421,111,1
3422,108,1
3423,108,1
3424,109,1
3425,113,1
3426,109,1
3427,114,1
3428,115,1
3429,113,1
3430,114,1
3431,112,1
3432,114,1
3433,114,1
3434,109,1
3435,109,1
3436,114,1
3437,111,1
3438,109,1
3439,116,1
3440,108,1
3441,110,1
3442,115,1
3443,115,1
3444,114,1
3445,108,1
3446,115,1
3447,113,1
3448,108,1
3449,108,1
3450,110,1
3451,114,1
3452,114,1
3453,115,1
3454,113,1
3455,114,1
3456,112,1
3457,113,1
3458,109,1
3459,113,1
3460,112,1
3461,111,1
3462,113,1
3463,113,1
3464,112,1
3465,116,1
3466,108,1
3467,108,1
3468,110,1
3469,115,1
3470,111,1
3471,112,1
3472,111,1
3473,113,1
3474,116,1
3475,111,1
3476,111,1
3477,112,1
3478,108,1
3479,108,1
3480,112,1
3481,116,1
3482,111,1
3483,109,1
3484,116,1
3485,111,1
3486,109,1
3487,115,1
3488,110,1
3489,111,1
3490,110,1
3491,116,1
3492,108,1
3493,115,1
3494,110,1
3495,108,1
3496,114,1
3497,108,1
3498,111,1
3499,114,1
3500,114,1
3501,110,1
3502,115,1
3503,111,1
3504,108,1
3505,111,1
3506,112,1
3507,114,1
3508,115,1
3509,113,1
3510,115,1
3511,116,1
3512,114,1
3513,112,1
3514,111,1
3515,113,1
3516,115,1
3517,108,1
3518,110,1
3519,110,1
3520,112,1
3521,108,1
3522,109,1
3523,108,1
3524,115,1
3525,114,1
3526,111,1
3527,108,1
3528,115,1
3529,116,1
3530,115,1
3531,110,1
3532,115,1
3533,116,1
3534,113,1
3535,116,1
3536,110,1
3537,109,1
3538,113,1
3539,108,1
3540,111,1
3541,111,1
3542,109,1
3543,109,1
3544,112,1
3545,108,1
3546,113,1
3547,116,1
3548,113,1
3549,115,1
3550,109,1
3551,108,1
3552,115,1
3553,113,1
3554,108,1
3555,108,1
3556,112,1
3557,112,1
3558,111,1
3559,112,1
3560,116,1
3561,116,1
3562,116,1
3563,115,1
3564,111,1
3565,114,1
3566,111,1
3567,112,1
3568,110,1
3569,115,1
3570,116,1
3571,111,1
3572,113,1
3573,110,1
3574,110,1
3575,116,1
3576,112,1
3577,113,1
3578,109,1
3579,108,1
3580,109,1
3581,108,1
3582,109,1
3583,112,1
3584,115,1
3585,111,1
3586,111,1
3587,108,1
3588,112,1
3589,116,1
3590,109,1
3591,115,1
3592,110,1
3593,111,1
3594,116,1
3595,111,1
3596,114,1
3597,114,1
3598,110,1
3599,113,1
3600,112,1
3601,109,1
3602,109,1
3603,111,1
3604,116,1
3605,113,1
3606,115,1
3607,112,1
3608,110,1
3609,112,1
3610,111,1
3611,116,1
3612,108,1
3613,116,1
3614,111,1
3615,108,1
3616,111,1
3617,112,1
3618,115,1
3619,115,1
3620,111,1
3621,116,1
3622,113,1
3623,111,1
3624,116,1
3625,108,1
3626,116,1
3627,113,1
3628,108,1
3629,115,1
3630,111,1
3631,114,1
3632,116,1
3633,108,1
3634,116,1
3635,111,1
3636,110,1
3637,111,1
3638,111,1
3639,111,1
3640,110,1
3641,111,1
3642,109,1
3643,112,1
3644,112,1
3645,109,1
3646,108,1
3647,112,1
3648,111,1
3649,110,1
3650,111,1
3651,110,1
3652,110,1
3653,116,1
3654,110,1
3655,109,1
3656,109,1
3657,116,1
3658,114,1
3659,116,1
3660,115,1
3661,116,1
3662,114,1
3663,114,1
3664,115,1
3665,108,1
3666,114,1
3667,111,1
3668,108,1
3669,108,1
3670,113,1
3671,110,1
3672,112,1
3673,115,1
3674,108,1
3675,109,1
3676,110,1
3677,116,1
3678,116,1
3679,115,1
3680,114,1
3681,109,1
3682,115,1
3683,113,1
3684,111,1
3685,115,1
3686,113,1
3687,116,1
3688,111,1
3689,110,1
3690,115,1
3691,112,1
3692,111,1
3693,112,1
3694,115,1
3695,108,1
3696,110,1
3697,113,1
3698,116,1
3699,109,1
3700,109,1
3701,114,1
3702,115,1
3703,110,1
3704,115,1
3705,115,1
3706,115,1
3707,111,1
3708,115,1
3709,113,1
3710,110,1
3711,109,1
3712,108,1
3713,116,1
3714,116,1
3715,113,1
3716,115,1
3717,112,1
3718,111,1
3719,116,1
3720,109,1
3721,108,1
3722,116,1
3723,112,1
3724,116,1
3725,114,1
3726,108,1
3727,110,1
3728,112,1
3729,116,1
3730,110,1
3731,109,1
3732,108,1
3733,110,1
3734,116,1
3735,115,1
3736,113,1
3737,110,1
3738,113,1
3739,110,1
3740,115,1
3741,115,1
3742,115,1
3743,109,1
3744,114,1
3745,116,1
3746,111,1
3747,108,1
3748,112,1
3749,109,1
3750,108,1
3751,112,1
3752,108,1
3753,116,1
3754,113,1
3755,109,1
3756,109,1
3757,112,1
3758,115,1
3759,111,1
3760,109,1
3761,109,1
3762,112,1
3763,110,1
3764,114,1
3765,113,1
3766,114,1
3767,108,1
3768,111,1
3769,110,1
3770,113,1
3771,113,1
3772,110,1
3773,112,1
3774,110,1
3775,109,1
3776,112,1
3777,112,1
3778,112,1
3779,113,1
3780,113,1
3781,112,1
3782,108,1
3783,109,1
3784,114,1
3785,116,1
3786,111,1
3787,116,1
3788,114,1
3789,111,1
3790,116,1
3791,108,1
3792,108,1
3793,112,1
3794,110,1
3795,109,1
3796,112,1
3797,111,1
3798,116,1
3799,110,1
3800,112,1
3801,114,1
3802,108,1
3803,114,1
3804,108,1
3805,113,1
3806,115,1
3807,109,1
3808,116,1
3809,112,1
3810,111,1
3811,115,1
3812,114,1
3813,112,1
3814,111,1
3815,111,1
3816,113,1
3817,115,1
3818,111,1
3819,108,1
3820,108,1
3821,108,1
3822,114,1
3823,108,1
3824,112,1
3825,113,1
3826,114,1
3827,111,1
3828,112,1
3829,112,1
3830,110,1
3831,114,1
3832,115,1
3833,108,1
3834,112,1
3835,116,1
3836,110,1
3837,109,1
3838,111,1
3839,108,1
3840,115,1
3841,110,1
3842,112,1
3843,110,1
3844,112,1
3845,111,1
3846,108,1
3847,115,1
3848,112,1
3849,114,1
3850,112,1
3851,113,1
3852,115,1
3853,114,1
3854,108,1
3855,114,1
3856,108,1
3857,112,1
3858,109,1
3859,116,1
3860,110,1
3861,108,1
3862,115,1
3863,110,1
3864,110,1
3865,116,1
3866,111,1
3867,109,1
3868,109,1
3869,109,1
3870,110,1
3871,108,1
3872,111,1
3873,110,1
3874,110,1
3875,109,1
3876,115,1
3877,112,1
3878,116,1
3879,112,1
3880,108,1
3881,110,1
3882,116,1
3883,112,1
3884,113,1
3885,115,1
3886,111,1
3887,113,1
3888,114,1
3889,116,1
3890,109,1
3891,116,1
3892,110,1
3893,113,1
3894,108,1
3895,109,1
3896,109,1
3897,108,1
3898,116,1
3899,108,1
3900,113,1
3901,109,1
3902,108,1
3903,110,1
3904,109,1
3905,111,1
3906,116,1
3907,115,1
3908,111,1
3909,113,1
3910,114,1
3911,108,1
3912,110,1
3913,114,1
3914,112,1
3915,116,1
3916,112,1
3917,116,1
3918,108,1
3919,110,1
3920,116,1
3921,116,1
3922,112,1
3923,114,1
3924,115,1
3925,114,1
3926,114,1
3927,112,1
3928,109,1
3929,115,1
3930,109,1
3931,116,1
3932,112,1
3933,113,1
3934,112,1
3935,114,1
3936,109,1
3937,109,1
3938,111,1
3939,113,1
3940,112,1
3941,111,1
3942,115,1
3943,115,1
3944,110,1
3945,116,1
3946,110,1
3947,108,1
3948,114,1
3949,110,1
3950,115,1
3951,116,1
3952,112,1
3953,115,1
3954,116,1
3955,109,1
3956,110,1
3957,116,1
3958,116,1
3959,110,1
3960,116,1
3961,110,1
3962,112,1
3963,110,1
3964,114,1
3965,111,1
3966,110,1
3967,111,1
3968,110,1
3969,112,1
3970,108,1
3971,111,1
3972,114,1
3973,109,1
3974,111,1
3975,112,1
3976,115,1
3977,109,1
3978,116,1
3979,116,1
3980,116,1
3981,115,1
3982,109,1
3983,108,1
3984,108,1
3985,116,1
3986,116,1
3987,113,1
3988,113,1
3989,114,1
3990,115,1
3991,115,1
3992,112,1
3993,116,1
3994,111,1
3995,111,1
3996,109,1
3997,113,1
3998,111,1
3999,108,1
4000,108,1
4001,113,1
4002,110,1
4003,116,1
4004,109,1
4005,112,1
4006,114,1
4007,110,1
4008,111,1
4009,110,1
4010,113,1
4011,109,1
4012,110,1
4013,109,1
4014,111,1
4015,110,1
4016,110,1
4017,113,1
4018,116,1
4019,112,1
4020,110,1
4021,113,1
4022,115,1
4023,114,1
4024,113,1
4025,111,1
4026,116,1
4027,116,1
4028,108,1
4029,108,1
4030,108,1
4031,116,1
4032,111,1
4033,116,1
4034,115,1
4035,110,1
4036,114,1
4037,112,1
4038,114,1
4039,108,1
4040,114,1
4041,113,1
4042,115,1
4043,115,1
4044,112,1
4045,112,1
4046,111,1
4047,112,1
4048,108,1
4049,108,1
4050,114,1
4051,113,1
4052,111,1
4053,112,1
4054,108,1
4055,113,1
4056,114,1
4057,112,1
4058,112,1
4059,110,1
4060,111,1
4061,111,1
4062,114,1
4063,113,1
4064,109,1
4065,116,1
4066,112,1
4067,108,1
4068,114,1
4069,111,1
4070,111,1
4071,109,1
4072,115,1
4073,108,1
4074,110,1
4075,108,1
4076,110,1
4077,114,1
4078,111,1
4079,111,1
4080,111,1
4081,115,1
4082,113,1
4083,112,1
4084,111,1
4085,108,1
4086,108,1
4087,113,1
4088,110,1
4089,112,1
4090,114,1
4091,110,1
4092,108,1
4093,109,1
4094,111,1
4095,108,1
4096,112,1
4097,110,1
4098,111,1
4099,110,1
4100,108,1
4101,110,1
4102,111,1
4103,110,1
4104,112,1
4105,110,1
4106,108,1
4107,111,1
4108,109,1
4109,115,1
4110,108,1
4111,115,1
4112,110,1
4113,115,1
4114,114,1
4115,114,1
4116,116,1
4117,108,1
4118,109,1
4119,109,1
4120,116,1
4121,114,1
4122,115,1
4123,116,1
4124,116,1
4125,112,1
4126,111,1
4127,109,1
4128,108,1
4129,113,1
4130,110,1
4131,109,1
4132,109,1
4133,114,1
4134,111,1
4135,111,1
4136,112,1
4137,113,1
4138,116,1
4139,112,1
4140,115,1
4141,115,1
4142,111,1
4143,108,1
4144,110,1
4145,115,1
4146,110,1
4147,113,1
4148,113,1
4149,113,1
4150,111,1
4151,111,1
4152,112,1
4153,112,1
4154,110,1
4155,116,1
4156,108,1
4157,109,1
4158,109,1
4159,108,1
4160,112,1
4161,115,1
4162,112,1
4163,112,1
4164,116,1
4165,113,1
4166,110,1
4167,112,1
4168,111,1
4169,115,1
4170,115,1
4171,113,1
4172,108,1
4173,115,1
4174,110,1
4175,114,1
4176,108,1
4177,114,1
4178,113,1
4179,108,1
4180,109,1
4181,115,1
4182,115,1
4183,112,1
4184,114,1
4185,111,1
4186,111,1
4187,110,1
4188,113,1
4189,109,1
4190,116,1
4191,111,1
4192,114,1
4193,115,1
4194,116,1
4195,110,1
4196,109,1
4197,113,1
4198,109,1
4199,114,1
4200,112,1
4201,110,1
4202,108,1
4203,108,1
4204,116,1
4205,113,1
4206,115,1
4207,113,1
4208,108,1
4209,113,1
4210,110,1
4211,111,1
4212,115,1
4213,114,1
4214,111,1
4215,116,1
4216,110,1
4217,110,1
4218,108,1
4219,116,1
4220,114,1
4221,108,1
4222,116,1
4223,109,1
4224,111,1
4225,111,1
4226,109,1
4227,116,1
4228,110,1
4229,115,1
4230,114,1
4231,113,1
4232,110,1
4233,111,1
4234,108,1
4235,112,1
4236,116,1
4237,114,1
4238,108,1
4239,115,1
4240,111,1
4241,108,1
4242,112,1
4243,114,1
4244,115,1
4245,114,1
4246,116,1
4247,116,1
4248,114,1
4249,112,1
4250,110,1
4251,114,1
4252,116,1
4253,111,1
4254,111,1
4255,116,1
4256,109,1
4257,116,1
4258,113,1
4259,110,1
4260,110,1
4261,114,1
4262,112,1
4263,113,1
4264,113,1
4265,116,1
4266,114,1
4267,116,1
4268,109,1
4269,116,1
4270,113,1
4271,116,1
4272,110,1
4273,109,1
4274,112,1
4275,115,1
4276,112,1
4277,115,1
4278,110,1
4279,110,1
4280,109,1
4281,110,1
4282,115,1
4283,116,1
4284,110,1
4285,112,1
4286,111,1
4287,116,1
4288,113,1
4289,109,1
4290,108,1
4291,110,1
4292,114,1
4293,115,1
4294,115,1
4295,115,1
4296,114,1
4297,114,1
4298,113,1
4299,113,1
4300,116,1
4301,108,1
4302,113,1
4303,109,1
4304,113,1
4305,115,1
4306,116,1
4307,113,1
4308,112,1
4309,115,1
4310,115,1
4311,110,1
4312,114,1
4313,111,1
4314,109,1
4315,115,1
4316,113,1
4317,115,1
4318,112,1
4319,110,1
4320,112,1
4321,111,1
4322,112,1
4323,113,1
4324,111,1
4325,110,1
4326,109,1
4327,116,1
4328,109,1
4329,111,1
4330,115,1
4331,114,1
4332,110,1
4333,109,1
4334,112,1
4335,109,1
4336,109,1
4337,114,1
4338,111,1
4339,112,1
4340,110,1
4341,109,1
4342,110,1
4343,109,1
4344,116,1
4345,115,1
4346,110,1
4347,115,1
4348,112,1
4349,116,1
4350,115,1
4351,113,1
4352,113,1
4353,110,1
4354,109,1
4355,116,1
4356,115,1
4357,110,1
4358,112,1
4359,111,1
4360,113,1
4361,116,1
4362,115,1
4363,116,1
4364,114,1
4365,109,1
4366,113,1
4367,114,1
4368,113,1
4369,109,1
4370,116,1
4371,115,1
4372,108,1
4373,109,1
4374,110,1
4375,109,1
4376,115,1
4377,114,1
4378,111,1
4379,114,1
4380,111,1
4381,114,1
4382,110,1
4383,111,1
4384,110,1
4385,115,1
4386,116,1
4387,114,1
4388,113,1
4389,112,1
4390,115,1
4391,109,1
4392,111,1
4393,108,1
4394,112,1
4395,109,1
4396,114,1
4397,114,1
4398,115,1
4399,110,1
4400,114,1
4401,110,1
4402,115,1
4403,111,1
4404,116,1
4405,110,1
4406,115,1
4407,108,1
4408,108,1
4409,112,1
4410,109,1
4411,116,1
4412,112,1
4413,108,1
4414,112,1
4415,116,1
4416,110,1
4417,112,1
4418,116,1
4419,113,1
4420,111,1
4421,108,1
4422,116,1
4423,112,1
4424,110,1
4425,116,1
4426,109,1
4427,113,1
4428,110,1
4429,110,1
4430,115,1
4431,115,1
4432,110,1
4433,110,1
4434,116,1
4435,108,1
4436,110,1
4437,108,1
4438,109,1
4439,115,1
4440,111,1
4441,108,1
4442,111,1
4443,109,1
4444,113,1
4445,113,1
4446,115,1
4447,111,1
4448,109,1
4449,113,1
4450,111,1
4451,112,1
4452,112,1
4453,110,1
4454,110,1
4455,113,1
4456,113,1
4457,111,1
4458,116,1
4459,116,1
4460,111,1
4461,116,1
4462,116,1
4463,109,1
4464,112,1
4465,116,1
4466,111,1
4467,111,1
4468,116,1
4469,115,1
4470,114,1
4471,114,1
4472,114,1
4473,112,1
4474,115,1
4475,109,1
4476,108,1
4477,111,1
4478,108,1
4479,113,1
4480,114,1
4481,110,1
4482,109,1
4483,108,1
4484,112,1
4485,113,1
4486,111,1
4487,116,1
4488,112,1
4489,112,1
4490,109,1
4491,112,1
4492,116,1
4493,114,1
4494,112,1
4495,113,1
4496,108,1
4497,111,1
4498,111,1
4499,112,1
4500,108,1
4501,116,1
4502,110,1
4503,113,1
4504,113,1
4505,110,1
4506,112,1
4507,109,1
4508,108,1
4509,109,1
4510,112,1
4511,114,1
4512,113,1
4513,108,1
4514,114,1
4515,110,1
4516,115,1
4517,113,1
4518,114,1
4519,109,1
4520,110,1
4521,114,1
4522,110,1
4523,115,1
4524,112,1
4525,109,1
4526,114,1
4527,109,1
4528,109,1
4529,112,1
4530,112,1
4531,108,1
4532,108,1
4533,112,1
4534,112,1
4535,109,1
4536,116,1
4537,114,1
4538,108,1
4539,113,1
4540,115,1
4541,112,1
4542,109,1
4543,109,1
4544,110,1
4545,112,1
4546,111,1
4547,116,1
4548,110,1
4549,108,1
4550,114,1
4551,116,1
4552,108,1
4553,110,1
4554,111,1
4555,109,1
4556,114,1
4557,112,1
4558,113,1
4559,108,1
4560,113,1
4561,114,1
4562,109,1
4563,113,1
4564,116,1
4565,110,1
4566,114,1
4567,112,1
4568,116,1
4569,112,1
4570,116,1
4571,110,1
4572,110,1
4573,112,1
4574,113,1
4575,112,1
4576,110,1
4577,114,1
4578,114,1
4579,113,1
4580,115,1
4581,113,1
4582,112,1
4583,113,1
4584,108,1
4585,109,1
4586,112,1
4587,115,1
4588,108,1
4589,111,1
4590,115,1
4591,110,1
4592,111,1
4593,108,1
4594,109,1
4595,108,1
4596,116,1
4597,112,1
4598,114,1
4599,109,1
4600,111,1
4601,112,1
4602,113,1
4603,109,1
4604,115,1
4605,115,1
4606,110,1
4607,110,1
4608,113,1
4609,108,1
4610,110,1
4611,108,1
4612,115,1
4613,109,1
4614,114,1
4615,113,1
4616,110,1
4617,115,1
4618,110,1
4619,116,1
4620,113,1
4621,116,1
4622,115,1
4623,114,1
4624,111,1
4625,113,1
4626,108,1
4627,114,1
4628,112,1
4629,111,1
4630,115,1
4631,108,1
4632,108,1
4633,113,1
4634,109,1
4635,109,1
4636,109,1
4637,111,1
4638,113,1
4639,114,1
4640,116,1
4641,110,1
4642,110,1
4643,110,1
4644,116,1
4645,111,1
4646,115,1
4647,114,1
4648,111,1
4649,116,1
4650,108,1
4651,109,1
4652,115,1
4653,115,1
4654,115,1
4655,114,1
4656,114,1
4657,110,1
4658,115,1
4659,112,1
4660,109,1
4661,110,1
4662,109,1
4663,109,1
4664,111,1
4665,111,1
4666,108,1
4667,116,1
4668,109,1
4669,108,1
4670,113,1
4671,114,1
4672,114,1
4673,109,1
4674,115,1
4675,109,1
4676,108,1
4677,109,1
4678,111,1
4679,111,1
4680,112,1
4681,109,1
4682,111,1
4683,113,1
4684,116,1
4685,115,1
4686,114,1
4687,113,1
4688,109,1
4689,116,1
4690,112,1
4691,116,1
4692,109,1
4693,109,1
4694,114,1
4695,108,1
4696,110,1
4697,108,1
4698,108,1
4699,116,1
4700,113,1
4701,115,1
4702,115,1
4703,113,1
4704,108,1
4705,113,1
4706,111,1
4707,108,1
4708,109,1
4709,114,1
4710,116,1
4711,112,1
4712,109,1
4713,113,1
4714,115,1
4715,113,1
4716,114,1
4717,112,1
4718,110,1
4719,110,1
4720,112,1
4721,116,1
4722,112,1
4723,115,1
4724,111,1
4725,112,1
4726,113,1
4727,115,1
4728,108,1
4729,108,1
4730,110,1
4731,111,1
4732,110,1
4733,112,1
4734,112,1
4735,112,1
4736,112,1
4737,113,1
4738,114,1
4739,108,1
4740,114,1
4741,110,1
4742,115,1
4743,110,1
4744,115,1
4745,113,1
4746,111,1
4747,111,1
4748,112,1
4749,111,1
4750,109,1
4751,114,1
4752,111,1
4753,110,1
4754,113,1
4755,108,1
4756,115,1
4757,108,1
4758,115,1
4759,114,1
4760,112,1
4761,109,1
4762,112,1
4763,108,1
4764,108,1
4765,110,1
4766,111,1
4767,110,1
4768,114,1
4769,115,1
4770,116,1
4771,116,1
4772,110,1
4773,112,1
4774,116,1
4775,113,1
4776,111,1
4777,115,1
4778,110,1
4779,109,1
4780,111,1
4781,113,1
4782,110,1
4783,109,1
4784,111,1
4785,116,1
4786,114,1
4787,113,1
4788,114,1
4789,113,1
4790,114,1
4791,114,1
4792,110,1
4793,112,1
4794,109,1
4795,108,1
4796,109,1
4797,113,1
4798,116,1
4799,114,1
4800,110,1
4801,114,1
4802,110,1
4803,113,1
4804,114,1
4805,111,1
4806,110,1
4807,113,1
4808,110,1
4809,111,1
4810,111,1
4811,113,1
4812,109,1
4813,115,1
4814,116,1
4815,111,1
4816,112,1
4817,116,1
4818,114,1
4819,113,1
4820,116,1
4821,109,1
4822,115,1
4823,111,1
4824,114,1
4825,108,1
4826,113,1
4827,110,1
4828,114,1
4829,114,1
4830,111,1
4831,110,1
4832,109,1
4833,113,1
4834,108,1
4835,110,1
4836,109,1
4837,111,1
4838,115,1
4839,116,1
4840,110,1
4841,108,1
4842,113,1
4843,116,1
4844,110,1
4845,109,1
4846,112,1
4847,108,1
4848,116,1
4849,109,1
4850,108,1
4851,113,1
4852,110,1
4853,114,1
4854,110,1
4855,108,1
4856,115,1
4857,111,1
4858,108,1
4859,114,1
4860,111,1
4861,108,1
4862,113,1
4863,114,1
4864,116,1
4865,111,1
4866,114,1
4867,115,1
4868,112,1
4869,114,1
4870,116,1
4871,113,1
4872,109,1
4873,114,1
4874,112,1
4875,114,1
4876,115,1
4877,115,1
4878,112,1
4879,109,1
4880,115,1
4881,116,1
4882,111,1
4883,116,1
4884,114,1
4885,116,1
4886,108,1
4887,110,1
4888,113,1
4889,109,1
4890,112,1
4891,114,1
4892,110,1
4893,114,1
4894,112,1
4895,109,1
4896,110,1
4897,110,1
4898,110,1
4899,108,1
4900,116,1
4901,116,1
4902,115,1
4903,108,1
4904,110,1
4905,110,1
4906,109,1
4907,115,1
4908,116,1
4909,111,1
4910,114,1
4911,109,1
4912,111,1
4913,114,1
4914,110,1
4915,113,1
4916,113,1
4917,110,1
4918,108,1
4919,111,1
4920,113,1
4921,111,1
4922,115,1
4923,109,1
4924,116,1
4925,113,1
4926,110,1
4927,113,1
4928,111,1
4929,114,1
4930,111,1
4931,108,1
4932,113,1
4933,112,1
4934,111,1
4935,115,1
4936,110,1
4937,114,1
4938,111,1
4939,112,1
4940,116,1
4941,113,1
4942,109,1
4943,108,1
4944,116,1
4945,112,1
4946,109,1
4947,112,1
4948,111,1
4949,109,1
4950,111,1
4951,115,1
4952,108,1
4953,111,1
4954,110,1
4955,115,1
4956,113,1
4957,110,1
4958,114,1
4959,115,1
4960,115,1
4961,115,1
4962,114,1
4963,111,1
4964,110,1
4965,113,1
4966,109,1
4967,108,1
4968,116,1
4969,111,1
4970,108,1
4971,111,1
4972,108,1
4973,111,1
4974,113,1
4975,113,1
4976,109,1
4977,115,1
4978,116,1
4979,115,1
4980,109,1
4981,115,1
4982,115,1
4983,108,1
4984,115,1
4985,116,1
4986,110,1
4987,112,1
4988,110,1
4989,111,1
4990,115,1
4991,113,1
4992,110,1
4993,108,1
4994,116,1
4995,109,1
4996,108,1
4997,115,1
4998,111,1
4999,109,1
5000,116,1
